<?xml version="1.0" encoding="UTF-8"?>
<!DOCTYPE suite SYSTEM "https://testng.org/testng-1.0.dtd">
<suite name="Suite" parallel='tests' thread-count='2'>
  <test name="ChromeTest">
  <parameter name="browserName" value="chrome"></parameter>
    <classes>
      <class name="testcases.BookingTest"/>
    </classes>
  </test> <!-- Test -->
  <test name="FireFoxTest">
  <parameter name="browserName" value="firefox"></parameter>
    <classes>
      <class name="testcases.BookingTest"/>
    </classes>
  </test> <!-- Test -->
</suite> <!-- Suite -->
